{"stat.walkOneCm":84960,"stat.leaveGame":10,"stat.pickup.minecraft.gravel":3,"stat.pickup.minecraft.redstone_lamp":3,"stat.pickup.minecraft.redstone_block":6,"stat.jump":793,"stat.swimOneCm":274,"stat.fallOneCm":836,"stat.useItem.minecraft.redstone":3,"stat.crouchOneCm":793,"stat.sprintOneCm":53046,"stat.useItem.minecraft.stone_slab2":195,"stat.pickup.minecraft.command_block":10,"stat.pickup.minecraft.comparator":5,"stat.pickup.minecraft.repeater":5,"stat.flyOneCm":311070,"stat.deaths":17,"stat.playOneMinute":88970,"stat.sneakTime":577,"stat.pickup.minecraft.redstone":5,"stat.timeSinceDeath":1684,"stat.useItem.minecraft.spawn_egg":1,"stat.diveOneCm":729}