{"stat.walkOneCm":118394,"stat.pickup.minecraft.bone":2,"stat.playerKills":3,"stat.leaveGame":10,"stat.pickup.minecraft.gravel":3,"stat.pickup.minecraft.redstone_lamp":3,"stat.useItem.minecraft.diamond_sword":6,"stat.pickup.minecraft.redstone_block":6,"stat.pickup.minecraft.diamond_sword":2,"stat.jump":988,"stat.swimOneCm":376,"stat.fallOneCm":2359,"stat.useItem.minecraft.redstone":3,"stat.drop.minecraft.diamond_sword":1,"stat.crouchOneCm":8726,"stat.sprintOneCm":72836,"stat.drop.biomesoplenty.berries":1,"stat.useItem.minecraft.stone_slab2":289,"stat.pickup.minecraft.command_block":10,"stat.pickup.minecraft.comparator":5,"stat.pickup.minecraft.repeater":5,"stat.pickup.biomesoplenty.berries":2,"stat.pickup.minecraft.spawn_egg":1,"stat.flyOneCm":574816,"stat.deaths":18,"stat.drop":2,"stat.playOneMinute":112225,"stat.sneakTime":2772,"stat.damageDealt":538,"stat.pickup.minecraft.redstone":5,"stat.timeSinceDeath":8297,"stat.useItem.minecraft.spawn_egg":103,"stat.diveOneCm":729}