{"stat.walkOneCm":108578,"stat.pickup.minecraft.bone":2,"stat.playerKills":1,"stat.leaveGame":10,"stat.pickup.minecraft.gravel":3,"stat.pickup.minecraft.redstone_lamp":3,"stat.useItem.minecraft.diamond_sword":1,"stat.pickup.minecraft.redstone_block":6,"stat.pickup.minecraft.diamond_sword":2,"stat.jump":898,"stat.swimOneCm":309,"stat.fallOneCm":2090,"stat.useItem.minecraft.redstone":3,"stat.drop.minecraft.diamond_sword":1,"stat.crouchOneCm":1038,"stat.sprintOneCm":68284,"stat.drop.biomesoplenty.berries":1,"stat.useItem.minecraft.stone_slab2":195,"stat.pickup.minecraft.command_block":10,"stat.pickup.minecraft.comparator":5,"stat.pickup.minecraft.repeater":5,"stat.pickup.biomesoplenty.berries":2,"stat.flyOneCm":410373,"stat.deaths":17,"stat.drop":2,"stat.playOneMinute":100525,"stat.sneakTime":979,"stat.damageDealt":107,"stat.pickup.minecraft.redstone":5,"stat.timeSinceDeath":13239,"stat.useItem.minecraft.spawn_egg":1,"stat.diveOneCm":729}