{"stat.killEntity.Skeleton":1,"stat.walkOneCm":74897,"stat.useItem.minecraft.iron_axe":20,"stat.pickup.minecraft.gravel":3,"stat.damageTaken":770,"stat.pickup.minecraft.leather":5,"stat.pickup.biomesoplenty.berries":19,"stat.mobKills":13,"stat.useItem.minecraft.diamond_sword":5,"stat.flyOneCm":84029,"stat.deaths":3,"stat.pickup.minecraft.diamond_sword":3,"stat.drop":12,"stat.jump":131,"stat.swimOneCm":145,"stat.playOneMinute":17540,"stat.fallOneCm":803,"stat.pickup.minecraft.beef":9,"stat.sneakTime":86,"stat.damageDealt":1368,"stat.crouchOneCm":599,"stat.timeSinceDeath":9722,"stat.pickup.minecraft.dirt":20,"stat.useItem.minecraft.dirt":4,"stat.useItem.biomesoplenty.berries":4,"stat.killEntity.Cow":12,"stat.drop.biomesoplenty.berries":12,"stat.mineBlock.minecraft.dirt":3,"stat.sprintOneCm":2925,"stat.useItem.minecraft.stone_slab2":70,"stat.diveOneCm":191}