{"stat.flyOneCm":8760,"stat.killEntity.Skeleton":1,"stat.deaths":1,"stat.walkOneCm":23629,"stat.drop":12,"stat.jump":38,"stat.playOneMinute":5840,"stat.fallOneCm":385,"stat.sneakTime":18,"stat.damageTaken":315,"stat.damageDealt":207,"stat.pickup.biomesoplenty.berries":16,"stat.crouchOneCm":154,"stat.timeSinceDeath":72,"stat.pickup.minecraft.dirt":3,"stat.useItem.minecraft.dirt":1,"stat.useItem.biomesoplenty.berries":4,"stat.mineBlock.minecraft.dirt":3,"stat.drop.biomesoplenty.berries":12,"stat.mobKills":1,"stat.sprintOneCm":1889,"stat.useItem.minecraft.stone_slab2":2,"stat.useItem.minecraft.diamond_sword":2}